,맥주이름,년,평점
0,ARK Seoulite Ale, 2018,2.8833333333333333
1,ARK Seoulite Ale, 2019,3.05
2,ARK Seoulite Ale, 2020,3.35
3,Asahi Super Dry, 2000,2.7000000000000006
4,Asahi Super Dry, 2001,2.4857142857142853
5,Asahi Super Dry, 2002,2.401123595505618
6,Asahi Super Dry, 2003,2.226506024096386
7,Asahi Super Dry, 2004,2.151190476190476
8,Asahi Super Dry, 2005,1.9711340206185566
9,Asahi Super Dry, 2006,2.0516483516483515
10,Asahi Super Dry, 2007,2.0166666666666666
11,Asahi Super Dry, 2008,2.1533333333333333
12,Asahi Super Dry, 2009,2.053846153846154
13,Asahi Super Dry, 2010,2.04320987654321
14,Asahi Super Dry, 2011,2.2263636363636365
15,Asahi Super Dry, 2012,2.125714285714286
16,Asahi Super Dry, 2013,2.230952380952381
17,Asahi Super Dry, 2014,2.2205882352941178
18,Asahi Super Dry, 2015,2.1333333333333333
19,Asahi Super Dry, 2016,2.217142857142857
20,Asahi Super Dry, 2017,2.3698630136986303
21,Asahi Super Dry, 2018,2.5887323943661973
22,Asahi Super Dry, 2019,2.4285714285714284
23,Asahi Super Dry, 2020,2.345945945945946
24,Asahi Super Dry, 2021,2.4105263157894736
25,Asahi Super Dry Black, 2012,2.4615384615384617
26,Asahi Super Dry Black, 2013,2.375
27,Asahi Super Dry Black, 2014,2.675
28,Asahi Super Dry Black, 2015,2.5
29,Asahi Super Dry Black, 2016,2.82
30,Asahi Super Dry Black, 2017,2.7181818181818183
31,Asahi Super Dry Black, 2018,2.6999999999999997
32,Asahi Super Dry Black, 2019,2.8666666666666667
33,Asahi Super Dry Black, 2020,2.96
34,Bali Hai, 2001,2.025
35,Bali Hai, 2002,1.55
36,Bali Hai, 2003,1.6199999999999999
37,Bali Hai, 2004,1.3
38,Bali Hai, 2005,2.2714285714285714
39,Bali Hai, 2006,1.2571428571428573
40,Bali Hai, 2007,1.1666666666666667
41,Bali Hai, 2008,1.8625
42,Bali Hai, 2009,1.9642857142857142
43,Bali Hai, 2010,1.7866666666666666
44,Bali Hai, 2011,2.209090909090909
45,Bali Hai, 2012,1.6071428571428572
46,Bali Hai, 2013,1.425
47,Bali Hai, 2014,1.911111111111111
48,Bali Hai, 2015,1.9240000000000002
49,Bali Hai, 2016,1.7307692307692308
50,Bali Hai, 2017,1.7
51,Bali Hai, 2018,1.6666666666666667
52,Bali Hai, 2019,1.4
53,Bali Hai, 2021,2.2
54,Bavaria 8.6 (Original), 2000,2.5
55,Bavaria 8.6 (Original), 2001,1.8333333333333333
56,Bavaria 8.6 (Original), 2002,2.076923076923077
57,Bavaria 8.6 (Original), 2003,2.1999999999999997
58,Bavaria 8.6 (Original), 2004,2.2333333333333334
59,Bavaria 8.6 (Original), 2005,2.207692307692308
60,Bavaria 8.6 (Original), 2006,1.976
61,Bavaria 8.6 (Original), 2007,2.5749999999999997
62,Bavaria 8.6 (Original), 2008,1.8666666666666667
63,Bavaria 8.6 (Original), 2009,2.0785714285714287
64,Bavaria 8.6 (Original), 2010,2.1357142857142857
65,Bavaria 8.6 (Original), 2011,2.2153846153846155
66,Bavaria 8.6 (Original), 2012,2.32
67,Bavaria 8.6 (Original), 2013,2.380952380952381
68,Bavaria 8.6 (Original), 2014,1.935
69,Bavaria 8.6 (Original), 2015,2.5217391304347827
70,Bavaria 8.6 (Original), 2016,2.257142857142857
71,Bavaria 8.6 (Original), 2017,2.231578947368421
72,Bavaria 8.6 (Original), 2018,2.0999999999999996
73,Bavaria 8.6 (Original), 2019,2.0941176470588236
74,Bavaria 8.6 (Original), 2020,2.75
75,Bavaria 8.6 (Original), 2021,2.7125
76,Bavaria Pilsener / Premium Beer, 2000,1.9
77,Bavaria Pilsener / Premium Beer, 2001,2.857142857142857
78,Bavaria Pilsener / Premium Beer, 2002,2.1847457627118647
79,Bavaria Pilsener / Premium Beer, 2003,2.088636363636364
80,Bavaria Pilsener / Premium Beer, 2004,1.943478260869565
81,Bavaria Pilsener / Premium Beer, 2005,2.2245614035087717
82,Bavaria Pilsener / Premium Beer, 2006,2.285185185185185
83,Bavaria Pilsener / Premium Beer, 2007,2.265753424657534
84,Bavaria Pilsener / Premium Beer, 2008,2.2781818181818183
85,Bavaria Pilsener / Premium Beer, 2009,2.135135135135135
86,Bavaria Pilsener / Premium Beer, 2010,2.1736842105263157
87,Bavaria Pilsener / Premium Beer, 2011,2.1594202898550723
88,Bavaria Pilsener / Premium Beer, 2012,2.175
89,Bavaria Pilsener / Premium Beer, 2013,2.176829268292683
90,Bavaria Pilsener / Premium Beer, 2014,2.137804878048781
91,Bavaria Pilsener / Premium Beer, 2015,2.1516666666666664
92,Bavaria Pilsener / Premium Beer, 2016,2.3794871794871795
93,Bavaria Pilsener / Premium Beer, 2017,2.107317073170732
94,Bavaria Pilsener / Premium Beer, 2018,2.624242424242424
95,Bavaria Pilsener / Premium Beer, 2019,2.2956521739130435
96,Bavaria Pilsener / Premium Beer, 2020,2.06
97,Bavaria Pilsener / Premium Beer, 2021,2.2285714285714286
98,Beck's, 2000,2.9181818181818184
99,Beck's, 2001,2.5808219178082195
100,Beck's, 2002,2.5262910798122067
101,Beck's, 2003,2.4061643835616437
102,Beck's, 2004,2.3889655172413793
103,Beck's, 2005,2.4181818181818184
104,Beck's, 2006,2.357638888888889
105,Beck's, 2007,2.393081761006289
106,Beck's, 2008,2.3273809523809526
107,Beck's, 2009,2.21
108,Beck's, 2010,2.223529411764706
109,Beck's, 2011,2.353153153153153
110,Beck's, 2012,2.340268456375839
111,Beck's, 2013,2.343661971830986
112,Beck's, 2014,2.1627906976744184
113,Beck's, 2015,2.3008620689655173
114,Beck's, 2016,2.291954022988506
115,Beck's, 2017,2.2164556962025315
116,Beck's, 2018,2.475
117,Beck's, 2019,2.418
118,Beck's, 2020,2.323529411764706
119,Beck's, 2021,2.152173913043478
120,Berliner Kindl Jubiläums Pilsener Premium, 2001,1.4666666666666668
121,Berliner Kindl Jubiläums Pilsener Premium, 2002,1.85
122,Berliner Kindl Jubiläums Pilsener Premium, 2003,3.0833333333333335
123,Berliner Kindl Jubiläums Pilsener Premium, 2004,2.3833333333333333
124,Berliner Kindl Jubiläums Pilsener Premium, 2005,2.4
125,Berliner Kindl Jubiläums Pilsener Premium, 2006,2.44
126,Berliner Kindl Jubiläums Pilsener Premium, 2007,2.5500000000000003
127,Berliner Kindl Jubiläums Pilsener Premium, 2008,2.40625
128,Berliner Kindl Jubiläums Pilsener Premium, 2009,2.7199999999999998
129,Berliner Kindl Jubiläums Pilsener Premium, 2010,2.6999999999999997
130,Berliner Kindl Jubiläums Pilsener Premium, 2011,2.476923076923077
131,Berliner Kindl Jubiläums Pilsener Premium, 2012,2.844
132,Berliner Kindl Jubiläums Pilsener Premium, 2013,2.36
133,Berliner Kindl Jubiläums Pilsener Premium, 2014,2.668
134,Berliner Kindl Jubiläums Pilsener Premium, 2015,2.6518518518518515
135,Berliner Kindl Jubiläums Pilsener Premium, 2016,2.576
136,Berliner Kindl Jubiläums Pilsener Premium, 2017,2.7038461538461536
137,Berliner Kindl Jubiläums Pilsener Premium, 2018,2.715
138,Berliner Kindl Jubiläums Pilsener Premium, 2019,2.7333333333333334
139,Berliner Kindl Jubiläums Pilsener Premium, 2020,2.772727272727273
140,Berliner Kindl Jubiläums Pilsener Premium, 2021,2.9272727272727277
141,Bintang Pilsener, 2001,2.2333333333333334
142,Bintang Pilsener, 2002,1.96875
143,Bintang Pilsener, 2003,1.8722222222222225
144,Bintang Pilsener, 2004,1.8866666666666667
145,Bintang Pilsener, 2005,2.086666666666667
146,Bintang Pilsener, 2006,1.9083333333333332
147,Bintang Pilsener, 2007,1.8857142857142857
148,Bintang Pilsener, 2008,1.85625
149,Bintang Pilsener, 2009,1.935
150,Bintang Pilsener, 2010,2.081818181818182
151,Bintang Pilsener, 2011,2.1666666666666665
152,Bintang Pilsener, 2012,2.0526315789473686
153,Bintang Pilsener, 2013,2.07
154,Bintang Pilsener, 2014,1.9833333333333332
155,Bintang Pilsener, 2015,2.068
156,Bintang Pilsener, 2016,2.0250000000000004
157,Bintang Pilsener, 2017,2.057377049180328
158,Bintang Pilsener, 2018,2.0844444444444443
159,Bintang Pilsener, 2019,2.4388888888888887
160,Bintang Pilsener, 2020,1.95
161,Bintang Pilsener, 2021,2.125
162,Bright Leaf Peeper Red IPA, 2021,3.866666666666667
163,Brooklyn Special Effects (Hoppy Amber/Lager), 2018,2.6
164,Brooklyn Special Effects (Hoppy Amber/Lager), 2019,2.771604938271605
165,Brooklyn Special Effects (Hoppy Amber/Lager), 2020,2.9953125
166,Brooklyn Special Effects (Hoppy Amber/Lager), 2021,3.085714285714286
167,Budweiser, 2000,1.2347826086956522
168,Budweiser, 2001,1.4881856540084388
169,Budweiser, 2002,1.3986175115207373
170,Budweiser, 2003,1.4842696629213483
171,Budweiser, 2004,1.38
172,Budweiser, 2005,1.442517006802721
173,Budweiser, 2006,1.3241610738255034
174,Budweiser, 2007,1.3340314136125655
175,Budweiser, 2008,1.4848484848484849
176,Budweiser, 2009,1.583710407239819
177,Budweiser, 2010,1.4211678832116788
178,Budweiser, 2011,1.6202380952380953
179,Budweiser, 2012,1.5826086956521739
180,Budweiser, 2013,1.7524663677130046
181,Budweiser, 2014,1.668586387434555
182,Budweiser, 2015,1.6016949152542372
183,Budweiser, 2016,1.9196261682242992
184,Budweiser, 2017,1.9595041322314048
185,Budweiser, 2018,2.016279069767442
186,Budweiser, 2019,2.0784615384615384
187,Budweiser, 2020,2.079487179487179
188,Budweiser, 2021,1.8559999999999999
189,Carlsberg Pilsner, 2000,3.0
190,Carlsberg Pilsner, 2001,2.785185185185185
191,Carlsberg Pilsner, 2002,2.454878048780488
192,Carlsberg Pilsner, 2003,2.3898734177215193
193,Carlsberg Pilsner, 2004,2.155421686746988
194,Carlsberg Pilsner, 2005,2.269090909090909
195,Carlsberg Pilsner, 2006,2.1756521739130434
196,Carlsberg Pilsner, 2007,2.264516129032258
197,Carlsberg Pilsner, 2008,2.2315436241610738
198,Carlsberg Pilsner, 2009,2.1096491228070176
199,Carlsberg Pilsner, 2010,2.2126436781609193
200,Carlsberg Pilsner, 2011,2.222340425531915
201,Carlsberg Pilsner, 2012,2.24375
202,Carlsberg Pilsner, 2013,2.265079365079365
203,Carlsberg Pilsner, 2014,2.2120879120879122
204,Carlsberg Pilsner, 2015,2.2961038961038964
205,Carlsberg Pilsner, 2016,2.3375
206,Carlsberg Pilsner, 2017,2.2533333333333334
207,Carlsberg Pilsner, 2018,2.3568627450980393
208,Carlsberg Pilsner, 2019,2.2984126984126987
209,Carlsberg Pilsner, 2020,2.348148148148148
210,Carlsberg Pilsner, 2021,2.522727272727273
211,Cass Fresh, 2002,1.2833333333333334
212,Cass Fresh, 2003,1.525
213,Cass Fresh, 2004,1.5625
214,Cass Fresh, 2005,1.5250000000000001
215,Cass Fresh, 2006,1.7538461538461538
216,Cass Fresh, 2007,1.575
217,Cass Fresh, 2008,1.4333333333333333
218,Cass Fresh, 2009,1.5727272727272728
219,Cass Fresh, 2010,1.3857142857142857
220,Cass Fresh, 2011,1.45
221,Cass Fresh, 2012,1.7999999999999998
222,Cass Fresh, 2013,1.8214285714285714
223,Cass Fresh, 2014,1.7791666666666668
224,Cass Fresh, 2015,1.9000000000000001
225,Cass Fresh, 2016,1.7685714285714285
226,Cass Fresh, 2017,1.8642857142857143
227,Cass Fresh, 2018,1.912
228,Cass Fresh, 2019,1.9600000000000002
229,Cass Fresh, 2020,1.9714285714285715
230,Cass Fresh, 2021,1.6333333333333335
231,Castlemaine XXXX Gold Lager, 2000,2.2
232,Castlemaine XXXX Gold Lager, 2001,2.15
233,Castlemaine XXXX Gold Lager, 2002,2.4214285714285713
234,Castlemaine XXXX Gold Lager, 2003,1.64375
235,Castlemaine XXXX Gold Lager, 2004,1.6454545454545455
236,Castlemaine XXXX Gold Lager, 2005,1.6846153846153848
237,Castlemaine XXXX Gold Lager, 2006,1.4666666666666668
238,Castlemaine XXXX Gold Lager, 2007,1.65625
239,Castlemaine XXXX Gold Lager, 2008,2.085714285714286
240,Castlemaine XXXX Gold Lager, 2009,1.83
241,Castlemaine XXXX Gold Lager, 2010,1.9125
242,Castlemaine XXXX Gold Lager, 2011,1.26
243,Castlemaine XXXX Gold Lager, 2012,1.5125
244,Castlemaine XXXX Gold Lager, 2013,2.390909090909091
245,Castlemaine XXXX Gold Lager, 2014,1.4933333333333332
246,Castlemaine XXXX Gold Lager, 2015,1.9
247,Castlemaine XXXX Gold Lager, 2016,2.7875
248,Castlemaine XXXX Gold Lager, 2017,2.15
249,Castlemaine XXXX Gold Lager, 2018,1.625
250,Castlemaine XXXX Gold Lager, 2019,2.98
251,Castlemaine XXXX Gold Lager, 2020,2.3400000000000003
252,Castlemaine XXXX Gold Lager, 2021,2.75
253,Desperados, 2002,1.8277777777777777
254,Desperados, 2003,1.5499999999999998
255,Desperados, 2004,1.2526315789473685
256,Desperados, 2005,1.3559999999999999
257,Desperados, 2006,1.4255813953488372
258,Desperados, 2007,1.8105263157894738
259,Desperados, 2008,1.8457142857142856
260,Desperados, 2009,1.562857142857143
261,Desperados, 2010,1.9066666666666665
262,Desperados, 2011,1.875
263,Desperados, 2012,1.9482758620689655
264,Desperados, 2013,1.7840579710144926
265,Desperados, 2014,1.8030612244897959
266,Desperados, 2015,1.7494736842105263
267,Desperados, 2016,1.7351851851851852
268,Desperados, 2017,1.8703125
269,Desperados, 2018,2.107894736842105
270,Desperados, 2019,2.092307692307692
271,Desperados, 2020,1.8909090909090909
272,Desperados, 2021,2.457142857142857
273,Edelweiss Weissbier Snowfresh, 2007,3.468965517241379
274,Edelweiss Weissbier Snowfresh, 2008,3.3328125
275,Edelweiss Weissbier Snowfresh, 2009,3.129090909090909
276,Edelweiss Weissbier Snowfresh, 2010,3.2633333333333336
277,Edelweiss Weissbier Snowfresh, 2011,3.182608695652174
278,Edelweiss Weissbier Snowfresh, 2012,3.182352941176471
279,Edelweiss Weissbier Snowfresh, 2013,3.3125
280,Edelweiss Weissbier Snowfresh, 2014,3.345833333333333
281,Edelweiss Weissbier Snowfresh, 2015,3.1291666666666664
282,Edelweiss Weissbier Snowfresh, 2016,3.4166666666666665
283,Edelweiss Weissbier Snowfresh, 2017,3.227272727272727
284,Edelweiss Weissbier Snowfresh, 2018,3.3299999999999996
285,Edelweiss Weissbier Snowfresh, 2019,3.257142857142857
286,Edelweiss Weissbier Snowfresh, 2020,2.5999999999999996
287,Edelweiss Weissbier Snowfresh, 2021,3.6
288,Egger Grapefruit Radler, 2013,2.2
289,Egger Grapefruit Radler, 2014,2.246153846153846
290,Egger Grapefruit Radler, 2015,2.2733333333333334
291,Egger Grapefruit Radler, 2016,2.375
292,Egger Grapefruit Radler, 2017,2.6333333333333333
293,Egger Grapefruit Radler, 2018,2.55
294,Egger Grapefruit Radler, 2019,2.7
295,Egger Grapefruit Radler, 2020,2.3666666666666667
296,Egger Grapefruit Radler, 2021,2.7
297,Egger Märzenbier, 2006,2.775
298,Egger Märzenbier, 2007,2.4285714285714284
299,Egger Märzenbier, 2008,2.4642857142857144
300,Egger Märzenbier, 2009,2.1799999999999997
301,Egger Märzenbier, 2010,2.5357142857142856
302,Egger Märzenbier, 2011,2.38
303,Egger Märzenbier, 2012,2.5916666666666663
304,Egger Märzenbier, 2013,2.3375
305,Egger Märzenbier, 2014,2.4058823529411764
306,Egger Märzenbier, 2015,2.5944444444444446
307,Egger Märzenbier, 2016,2.588888888888889
308,Egger Märzenbier, 2017,2.4
309,Egger Märzenbier, 2018,2.3545454545454545
310,Egger Märzenbier, 2019,2.5533333333333332
311,Egger Märzenbier, 2020,2.73
312,Egger Märzenbier, 2021,2.5555555555555554
313,Egger Zwickl, 2014,2.9000000000000004
314,Egger Zwickl, 2016,2.5
315,Egger Zwickl, 2018,2.1
316,Egger Zwickl, 2019,2.8
317,Egger Zwickl, 2020,2.9
318,Egger Zwickl, 2021,2.6
319,Eichbaum Apostel Bräu, 2007,2.8
320,Eichbaum Apostel Bräu, 2008,2.772727272727273
321,Eichbaum Apostel Bräu, 2009,2.611111111111111
322,Eichbaum Apostel Bräu, 2010,2.3076923076923075
323,Eichbaum Apostel Bräu, 2011,2.55
324,Eichbaum Apostel Bräu, 2012,2.33125
325,Eichbaum Apostel Bräu, 2013,2.246153846153846
326,Eichbaum Apostel Bräu, 2014,2.3272727272727276
327,Eichbaum Apostel Bräu, 2015,2.314285714285714
328,Eichbaum Apostel Bräu, 2016,2.65
329,Eichbaum Apostel Bräu, 2017,2.5444444444444443
330,Eichbaum Apostel Bräu, 2018,2.3428571428571425
331,Eichbaum Apostel Bräu, 2019,2.4285714285714284
332,Eichbaum Apostel Bräu, 2021,2.0
333,Erdinger Weissbier, 2000,3.175
334,Erdinger Weissbier, 2001,3.4266666666666667
335,Erdinger Weissbier, 2002,3.1840579710144925
336,Erdinger Weissbier, 2003,3.1493670886075953
337,Erdinger Weissbier, 2004,3.161764705882353
338,Erdinger Weissbier, 2005,3.1891156462585033
339,Erdinger Weissbier, 2006,3.095705521472393
340,Erdinger Weissbier, 2007,3.1313186813186813
341,Erdinger Weissbier, 2008,3.15609756097561
342,Erdinger Weissbier, 2009,3.12875
343,Erdinger Weissbier, 2010,3.0888888888888886
344,Erdinger Weissbier, 2011,3.160135135135135
345,Erdinger Weissbier, 2012,3.173333333333334
346,Erdinger Weissbier, 2013,3.259009009009009
347,Erdinger Weissbier, 2014,3.1302904564315353
348,Erdinger Weissbier, 2015,3.131720430107527
349,Erdinger Weissbier, 2016,3.1069565217391304
350,Erdinger Weissbier, 2017,3.1856060606060606
351,Erdinger Weissbier, 2018,3.121794871794872
352,Erdinger Weissbier, 2019,3.1737704918032787
353,Erdinger Weissbier, 2020,3.2256410256410257
354,Erdinger Weissbier, 2021,3.312121212121212
355,Erdinger Weissbier Dunkel, 2000,4.3
356,Erdinger Weissbier Dunkel, 2001,3.46
357,Erdinger Weissbier Dunkel, 2002,3.3808510638297875
358,Erdinger Weissbier Dunkel, 2003,3.2414285714285715
359,Erdinger Weissbier Dunkel, 2004,3.316
360,Erdinger Weissbier Dunkel, 2005,3.2549549549549552
361,Erdinger Weissbier Dunkel, 2006,3.180392156862745
362,Erdinger Weissbier Dunkel, 2007,3.231707317073171
363,Erdinger Weissbier Dunkel, 2008,3.1655172413793102
364,Erdinger Weissbier Dunkel, 2009,3.190677966101695
365,Erdinger Weissbier Dunkel, 2010,3.209322033898305
366,Erdinger Weissbier Dunkel, 2011,3.340909090909091
367,Erdinger Weissbier Dunkel, 2012,3.3181208053691273
368,Erdinger Weissbier Dunkel, 2013,3.2314102564102565
369,Erdinger Weissbier Dunkel, 2014,3.135672514619883
370,Erdinger Weissbier Dunkel, 2015,3.1992248062015505
371,Erdinger Weissbier Dunkel, 2016,3.170833333333333
372,Erdinger Weissbier Dunkel, 2017,3.184444444444445
373,Erdinger Weissbier Dunkel, 2018,3.146153846153846
374,Erdinger Weissbier Dunkel, 2019,3.232142857142857
375,Erdinger Weissbier Dunkel, 2020,3.1322580645161286
376,Erdinger Weissbier Dunkel, 2021,3.325
377,FiLite, 2017,2.566666666666667
378,FiLite, 2018,2.325
379,FiLite, 2019,2.25
380,Franziskaner Hefe-Weissbier / Weissbier Naturtrub, 2013,3.637226277372263
381,Franziskaner Hefe-Weissbier / Weissbier Naturtrub, 2014,3.6308823529411764
382,Franziskaner Hefe-Weissbier / Weissbier Naturtrub, 2015,3.570048309178744
383,Franziskaner Hefe-Weissbier / Weissbier Naturtrub, 2016,3.6482142857142854
384,Franziskaner Hefe-Weissbier / Weissbier Naturtrub, 2017,3.6361702127659576
385,Franziskaner Hefe-Weissbier / Weissbier Naturtrub, 2018,3.5884297520661157
386,Franziskaner Hefe-Weissbier / Weissbier Naturtrub, 2019,3.6465346534653467
387,Franziskaner Hefe-Weissbier / Weissbier Naturtrub, 2020,3.6102564102564108
388,Franziskaner Hefe-Weissbier / Weissbier Naturtrub, 2021,3.4818181818181815
389,Gambrinus Originál 10° (Desítka), 2002,2.6500000000000004
390,Gambrinus Originál 10° (Desítka), 2003,2.575
391,Gambrinus Originál 10° (Desítka), 2004,2.757142857142857
392,Gambrinus Originál 10° (Desítka), 2005,2.6692307692307695
393,Gambrinus Originál 10° (Desítka), 2006,2.3916666666666666
394,Gambrinus Originál 10° (Desítka), 2007,2.4250000000000003
395,Gambrinus Originál 10° (Desítka), 2008,2.5914285714285716
396,Gambrinus Originál 10° (Desítka), 2009,2.595652173913044
397,Gambrinus Originál 10° (Desítka), 2010,2.54375
398,Gambrinus Originál 10° (Desítka), 2011,2.2766666666666664
399,Gambrinus Originál 10° (Desítka), 2012,2.4703703703703703
400,Gambrinus Originál 10° (Desítka), 2013,2.475862068965517
401,Gambrinus Originál 10° (Desítka), 2014,2.4256410256410255
402,Gambrinus Originál 10° (Desítka), 2015,2.4935483870967743
403,Gambrinus Originál 10° (Desítka), 2016,2.59
404,Gambrinus Originál 10° (Desítka), 2017,2.5391304347826087
405,Gambrinus Originál 10° (Desítka), 2018,2.512121212121212
406,Gambrinus Originál 10° (Desítka), 2019,2.638709677419355
407,Gambrinus Originál 10° (Desítka), 2020,2.96
408,Gambrinus Originál 10° (Desítka), 2021,2.1666666666666665
409,Grolsch Premium Lager, 2000,2.9333333333333336
410,Grolsch Premium Lager, 2001,2.85
411,Grolsch Premium Lager, 2002,2.707558139534884
412,Grolsch Premium Lager, 2003,2.7443750000000002
413,Grolsch Premium Lager, 2004,2.585483870967742
414,Grolsch Premium Lager, 2005,2.4901515151515152
415,Grolsch Premium Lager, 2006,2.46875
416,Grolsch Premium Lager, 2007,2.402702702702703
417,Grolsch Premium Lager, 2008,2.40125
418,Grolsch Premium Lager, 2009,2.3336206896551723
419,Grolsch Premium Lager, 2010,2.476237623762376
420,Grolsch Premium Lager, 2011,2.6469135802469137
421,Grolsch Premium Lager, 2012,2.5727272727272728
422,Grolsch Premium Lager, 2013,2.4977272727272726
423,Grolsch Premium Lager, 2014,2.6294642857142856
424,Grolsch Premium Lager, 2015,2.5442477876106193
425,Grolsch Premium Lager, 2016,2.6311688311688313
426,Grolsch Premium Lager, 2017,2.7292929292929293
427,Grolsch Premium Lager, 2018,2.8063492063492066
428,Grolsch Premium Lager, 2019,2.752727272727273
429,Grolsch Premium Lager, 2020,2.8
430,Grolsch Premium Lager, 2021,2.7055555555555557
431,Guinness Draught, 2000,4.148
432,Guinness Draught, 2001,3.964606741573034
433,Guinness Draught, 2002,3.6795865633074936
434,Guinness Draught, 2003,3.542013888888889
435,Guinness Draught, 2004,3.543042071197411
436,Guinness Draught, 2005,3.396694214876033
437,Guinness Draught, 2006,3.532571428571429
438,Guinness Draught, 2007,3.3903640256959315
439,Guinness Draught, 2008,3.433253588516746
440,Guinness Draught, 2009,3.422327044025157
441,Guinness Draught, 2010,3.3642023346303502
442,Guinness Draught, 2011,3.415352697095436
443,Guinness Draught, 2012,3.4565088757396447
444,Guinness Draught, 2013,3.3835164835164835
445,Guinness Draught, 2014,3.3665624999999997
446,Guinness Draught, 2015,3.2762264150943397
447,Guinness Draught, 2016,3.361578947368421
448,Guinness Draught, 2017,3.3219730941704033
449,Guinness Draught, 2018,3.4121621621621623
450,Guinness Draught, 2019,3.567647058823529
451,Guinness Draught, 2020,3.505357142857143
452,Guinness Draught, 2021,3.488095238095238
453,Guinness Original 4.2% (Ireland/UK), 2000,2.1
454,Guinness Original 4.2% (Ireland/UK), 2001,2.225
455,Guinness Original 4.2% (Ireland/UK), 2002,2.9000000000000004
456,Guinness Original 4.2% (Ireland/UK), 2003,3.227272727272727
457,Guinness Original 4.2% (Ireland/UK), 2004,3.435
458,Guinness Original 4.2% (Ireland/UK), 2005,3.1260869565217395
459,Guinness Original 4.2% (Ireland/UK), 2006,3.478947368421052
460,Guinness Original 4.2% (Ireland/UK), 2007,3.176
461,Guinness Original 4.2% (Ireland/UK), 2008,3.2760000000000002
462,Guinness Original 4.2% (Ireland/UK), 2009,3.3049999999999997
463,Guinness Original 4.2% (Ireland/UK), 2010,3.109677419354839
464,Guinness Original 4.2% (Ireland/UK), 2011,3.2366666666666664
465,Guinness Original 4.2% (Ireland/UK), 2012,3.3131578947368423
466,Guinness Original 4.2% (Ireland/UK), 2013,3.298275862068966
467,Guinness Original 4.2% (Ireland/UK), 2014,3.094871794871795
468,Guinness Original 4.2% (Ireland/UK), 2015,3.180769230769231
469,Guinness Original 4.2% (Ireland/UK), 2016,3.170833333333333
470,Guinness Original 4.2% (Ireland/UK), 2017,3.2411764705882353
471,Guinness Original 4.2% (Ireland/UK), 2018,3.1454545454545455
472,Guinness Original 4.2% (Ireland/UK), 2019,3.326923076923077
473,Guinness Original 4.2% (Ireland/UK), 2020,3.41
474,Guinness Original 4.2% (Ireland/UK), 2021,3.55
475,Harbin Beer, 2002,2.3
476,Harbin Beer, 2003,2.25
477,Harbin Beer, 2004,1.7
478,Harbin Beer, 2005,2.8
479,Harbin Beer, 2006,2.019642857142857
480,Harbin Beer, 2007,2.1229885057471263
481,Harbin Beer, 2008,2.0028571428571427
482,Harbin Beer, 2009,2.026315789473684
483,Harbin Beer, 2010,1.9866666666666668
484,Harbin Beer, 2011,1.55
485,Harbin Beer, 2012,1.6583333333333332
486,Harbin Beer, 2013,1.5333333333333334
487,Harbin Beer, 2014,1.5166666666666668
488,Harbin Beer, 2015,2.3714285714285714
489,Harbin Beer, 2016,1.8142857142857143
490,Harbin Beer, 2017,2.1333333333333333
491,Harbin Beer, 2018,1.7399999999999998
492,Harbin Beer, 2019,1.675
493,Harbin Beer, 2020,2.15
494,Harbin Beer, 2021,0.5
495,Heineken, 2000,1.8705882352941177
496,Heineken, 2001,2.3993421052631576
497,Heineken, 2002,2.3136363636363635
498,Heineken, 2003,2.22
499,Heineken, 2004,2.1128865979381444
500,Heineken, 2005,2.0374468085106385
501,Heineken, 2006,2.0947955390334574
502,Heineken, 2007,2.1234920634920633
503,Heineken, 2008,2.068867924528302
504,Heineken, 2009,2.022110552763819
505,Heineken, 2010,1.982098765432099
506,Heineken, 2011,1.9948863636363638
507,Heineken, 2012,2.2007575757575757
508,Heineken, 2013,2.1919413919413917
509,Heineken, 2014,2.0956692913385826
510,Heineken, 2015,2.1672897196261682
511,Heineken, 2016,2.2417218543046356
512,Heineken, 2017,2.146308724832215
513,Heineken, 2018,2.4401785714285715
514,Heineken, 2019,2.3475247524752474
515,Heineken, 2020,2.525
516,Heineken, 2021,2.4909090909090907
517,Heineken Dark Lager, 2000,1.6
518,Heineken Dark Lager, 2001,2.9142857142857146
519,Heineken Dark Lager, 2002,2.7093023255813953
520,Heineken Dark Lager, 2003,2.5980392156862746
521,Heineken Dark Lager, 2004,2.4711864406779664
522,Heineken Dark Lager, 2005,2.6234375
523,Heineken Dark Lager, 2006,2.6673913043478263
524,Heineken Dark Lager, 2007,2.805172413793103
525,Heineken Dark Lager, 2008,2.573611111111111
526,Heineken Dark Lager, 2009,2.597297297297297
527,Heineken Dark Lager, 2010,2.6857142857142855
528,Heineken Dark Lager, 2011,2.7708333333333335
529,Heineken Dark Lager, 2012,2.7346153846153842
530,Heineken Dark Lager, 2013,3.005263157894737
531,Heineken Dark Lager, 2014,2.988888888888889
532,Heineken Dark Lager, 2015,2.933333333333333
533,Heineken Dark Lager, 2016,2.6799999999999997
534,Heineken Dark Lager, 2017,2.65
535,Heineken Dark Lager, 2018,2.6999999999999997
536,Heineken Dark Lager, 2019,2.6
537,Heineken Dark Lager, 2021,2.7
538,Hite D (Dry Finish), 2010,1.1
539,Hite D (Dry Finish), 2011,1.9090909090909092
540,Hite D (Dry Finish), 2012,2.6538461538461537
541,Hite D (Dry Finish), 2013,1.9857142857142858
542,Hite D (Dry Finish), 2014,2.011111111111111
543,Hite D (Dry Finish), 2015,2.14
544,Hite D (Dry Finish), 2016,1.3
545,Hite D (Dry Finish), 2017,1.8666666666666665
546,Hite D (Dry Finish), 2018,1.4
547,Hite Extra Cold, 2017,2.1461538461538465
548,Hite Extra Cold, 2018,1.8
549,Hite Extra Cold, 2019,2.5272727272727273
550,Hite Extra Cold, 2020,2.0500000000000003
551,Hite Extra Cold, 2021,2.1666666666666665
552,Hite Prime Max, 2002,1.2
553,Hite Prime Max, 2003,1.55
554,Hite Prime Max, 2004,1.95
555,Hite Prime Max, 2005,2.25
556,Hite Prime Max, 2006,1.7625
557,Hite Prime Max, 2007,1.9
558,Hite Prime Max, 2008,2.011111111111111
559,Hite Prime Max, 2009,1.5125
560,Hite Prime Max, 2010,1.7333333333333334
561,Hite Prime Max, 2011,1.5285714285714285
562,Hite Prime Max, 2012,2.0
563,Hite Prime Max, 2013,1.7399999999999998
564,Hite Prime Max, 2014,1.7999999999999998
565,Hite Prime Max, 2015,2.161538461538462
566,Hite Prime Max, 2016,1.8999999999999997
567,Hite Prime Max, 2017,2.5
568,Hite Prime Max, 2018,1.9833333333333334
569,Hite Prime Max, 2019,2.44
570,Hoegaarden, 2000,4.090909090909091
571,Hoegaarden, 2001,4.082352941176471
572,Hoegaarden, 2002,3.6566037735849055
573,Hoegaarden, 2003,3.6360975609756094
574,Hoegaarden, 2004,3.5849056603773586
575,Hoegaarden, 2005,3.5781132075471698
576,Hoegaarden, 2006,3.556272401433692
577,Hoegaarden, 2007,3.492391304347826
578,Hoegaarden, 2008,3.54564705882353
579,Hoegaarden, 2009,3.436501901140684
580,Hoegaarden, 2010,3.428444444444444
581,Hoegaarden, 2011,3.48
582,Hoegaarden, 2012,3.5114754098360654
583,Hoegaarden, 2013,3.48006230529595
584,Hoegaarden, 2014,3.4589225589225587
585,Hoegaarden, 2015,3.5137037037037038
586,Hoegaarden, 2016,3.506829268292683
587,Hoegaarden, 2017,3.414857142857143
588,Hoegaarden, 2018,3.430392156862745
589,Hoegaarden, 2019,3.525
590,Hoegaarden, 2020,3.5075000000000003
591,Hoegaarden, 2021,3.513793103448276
592,Hoegaarden Cherry, 2017,2.05
593,Hoegaarden Cherry, 2018,3.6
594,Hoegaarden Rosée, 2007,2.3473684210526318
595,Hoegaarden Rosée, 2008,2.598181818181818
596,Hoegaarden Rosée, 2009,2.188
597,Hoegaarden Rosée, 2010,2.625
598,Hoegaarden Rosée, 2011,2.428888888888889
599,Hoegaarden Rosée, 2012,2.526666666666667
600,Hoegaarden Rosée, 2013,2.3925925925925924
601,Hoegaarden Rosée, 2014,2.498076923076923
602,Hoegaarden Rosée, 2015,2.484
603,Hoegaarden Rosée, 2016,2.592857142857143
604,Hoegaarden Rosée, 2017,2.7348837209302324
605,Hoegaarden Rosée, 2018,2.48
606,Hoegaarden Rosée, 2019,2.8347826086956522
607,Hoegaarden Rosée, 2020,2.853846153846154
608,Hoegaarden Rosée, 2021,2.966666666666667
609,Holsten Premium Bier, 2001,2.87
610,Holsten Premium Bier, 2002,2.476
611,Holsten Premium Bier, 2003,2.4466666666666668
612,Holsten Premium Bier, 2004,2.466666666666667
613,Holsten Premium Bier, 2005,2.2869565217391306
614,Holsten Premium Bier, 2006,2.341379310344828
615,Holsten Premium Bier, 2007,2.3205128205128207
616,Holsten Premium Bier, 2008,2.4709677419354836
617,Holsten Premium Bier, 2009,2.26
618,Holsten Premium Bier, 2010,2.4318181818181817
619,Holsten Premium Bier, 2011,2.283333333333333
620,Holsten Premium Bier, 2012,2.3275862068965516
621,Holsten Premium Bier, 2013,2.2666666666666666
622,Holsten Premium Bier, 2014,2.231034482758621
623,Holsten Premium Bier, 2015,2.3684210526315788
624,Holsten Premium Bier, 2016,2.3583333333333334
625,Holsten Premium Bier, 2017,2.5933333333333333
626,Holsten Premium Bier, 2018,2.2916666666666665
627,Holsten Premium Bier, 2019,2.45
628,Holsten Premium Bier, 2020,2.3333333333333335
629,Holsten Premium Bier, 2021,1.3
630,Jeju Wit Ale, 2017,3.55
631,Jeju Wit Ale, 2018,3.2
632,Jeju Wit Ale, 2019,2.4
633,Jeju Wit Ale, 2020,3.2
634,Kirin Ichiban, 2000,2.1333333333333333
635,Kirin Ichiban, 2001,2.548148148148148
636,Kirin Ichiban, 2002,2.282608695652174
637,Kirin Ichiban, 2003,2.216666666666667
638,Kirin Ichiban, 2004,2.10379746835443
639,Kirin Ichiban, 2005,2.0561643835616437
640,Kirin Ichiban, 2006,2.1581395348837207
641,Kirin Ichiban, 2007,2.130188679245283
642,Kirin Ichiban, 2008,2.15
643,Kirin Ichiban, 2009,2.0373831775700935
644,Kirin Ichiban, 2010,2.0816326530612246
645,Kirin Ichiban, 2011,2.2550458715596333
646,Kirin Ichiban, 2012,2.261585365853658
647,Kirin Ichiban, 2013,2.13416149068323
648,Kirin Ichiban, 2014,2.2664335664335664
649,Kirin Ichiban, 2015,2.3019417475728154
650,Kirin Ichiban, 2016,2.3666666666666667
651,Kirin Ichiban, 2017,2.62
652,Kirin Ichiban, 2018,2.453623188405797
653,Kirin Ichiban, 2019,2.42
654,Kirin Ichiban, 2020,2.396
655,Kirin Ichiban, 2021,2.384210526315789
656,Kloud Fitz Super Clear, 2017,2.566666666666667
657,Kloud Fitz Super Clear, 2018,1.9214285714285713
658,Kloud Fitz Super Clear, 2019,1.8800000000000001
659,Kloud Fitz Super Clear, 2020,1.7
660,Kloud Fitz Super Clear, 2021,0.5
661,Kloud Original Gravity, 2014,2.2857142857142856
662,Kloud Original Gravity, 2015,2.3846153846153846
663,Kloud Original Gravity, 2016,2.323529411764706
664,Kloud Original Gravity, 2017,2.268421052631579
665,Kloud Original Gravity, 2018,2.02
666,Kloud Original Gravity, 2019,2.50625
667,Kloud Original Gravity, 2020,2.5285714285714285
668,Kloud Original Gravity, 2021,2.4799999999999995
669,Kozel Černý (Dark) 10°, 2000,2.0
670,Kozel Černý (Dark) 10°, 2001,3.6166666666666667
671,Kozel Černý (Dark) 10°, 2002,3.553846153846154
672,Kozel Černý (Dark) 10°, 2003,3.3083333333333336
673,Kozel Černý (Dark) 10°, 2004,3.2636363636363637
674,Kozel Černý (Dark) 10°, 2005,3.217948717948718
675,Kozel Černý (Dark) 10°, 2006,3.1666666666666665
676,Kozel Černý (Dark) 10°, 2007,3.0568627450980395
677,Kozel Černý (Dark) 10°, 2008,3.0145454545454546
678,Kozel Černý (Dark) 10°, 2009,3.028205128205128
679,Kozel Černý (Dark) 10°, 2010,3.18125
680,Kozel Černý (Dark) 10°, 2011,2.8833333333333333
681,Kozel Černý (Dark) 10°, 2012,3.0359375
682,Kozel Černý (Dark) 10°, 2013,3.0183098591549298
683,Kozel Černý (Dark) 10°, 2014,2.998863636363636
684,Kozel Černý (Dark) 10°, 2015,2.8467889908256883
685,Kozel Černý (Dark) 10°, 2016,2.9511627906976745
686,Kozel Černý (Dark) 10°, 2017,2.778048780487805
687,Kozel Černý (Dark) 10°, 2018,3.0171875
688,Kozel Černý (Dark) 10°, 2019,2.9725806451612904
689,Kozel Černý (Dark) 10°, 2020,2.9344827586206894
690,Kozel Černý (Dark) 10°, 2021,2.984848484848485
691,Krombacher Weizen, 2007,3.0555555555555554
692,Krombacher Weizen, 2008,2.9705882352941178
693,Krombacher Weizen, 2009,3.1954545454545453
694,Krombacher Weizen, 2010,3.0823529411764703
695,Krombacher Weizen, 2011,3.01
696,Krombacher Weizen, 2012,3.1346153846153846
697,Krombacher Weizen, 2013,3.206382978723404
698,Krombacher Weizen, 2014,3.2
699,Krombacher Weizen, 2015,3.120833333333333
700,Krombacher Weizen, 2016,3.130357142857143
701,Krombacher Weizen, 2017,3.2214285714285715
702,Krombacher Weizen, 2018,3.070967741935484
703,Krombacher Weizen, 2019,3.0461538461538464
704,Krombacher Weizen, 2020,3.210526315789474
705,Krombacher Weizen, 2021,3.6
706,Kronenbourg 1664 Blanc, 2004,3.2222222222222223
707,Kronenbourg 1664 Blanc, 2005,2.664516129032258
708,Kronenbourg 1664 Blanc, 2006,2.7025
709,Kronenbourg 1664 Blanc, 2007,2.3913793103448273
710,Kronenbourg 1664 Blanc, 2008,2.7282051282051283
711,Kronenbourg 1664 Blanc, 2009,2.4272727272727272
712,Kronenbourg 1664 Blanc, 2010,2.835
713,Kronenbourg 1664 Blanc, 2011,2.8046511627906976
714,Kronenbourg 1664 Blanc, 2012,2.8249999999999997
715,Kronenbourg 1664 Blanc, 2013,2.8262626262626265
716,Kronenbourg 1664 Blanc, 2014,2.7731707317073173
717,Kronenbourg 1664 Blanc, 2015,2.8113636363636365
718,Kronenbourg 1664 Blanc, 2016,2.8208955223880596
719,Kronenbourg 1664 Blanc, 2017,2.8615384615384616
720,Kronenbourg 1664 Blanc, 2018,2.8559322033898304
721,Kronenbourg 1664 Blanc, 2019,2.8908045977011496
722,Kronenbourg 1664 Blanc, 2020,3.03125
723,Kronenbourg 1664 Blanc, 2021,2.95
724,Lapin Kulta IV A, 2001,1.6333333333333335
725,Lapin Kulta IV A, 2002,2.5357142857142856
726,Lapin Kulta IV A, 2003,1.8111111111111111
727,Lapin Kulta IV A, 2004,2.1636363636363636
728,Lapin Kulta IV A, 2005,2.1928571428571426
729,Lapin Kulta IV A, 2006,1.935
730,Lapin Kulta IV A, 2007,2.285
731,Lapin Kulta IV A, 2008,2.1944444444444446
732,Lapin Kulta IV A, 2009,2.2
733,Lapin Kulta IV A, 2010,2.216666666666667
734,Lapin Kulta IV A, 2011,2.3249999999999997
735,Lapin Kulta IV A, 2012,2.161764705882353
736,Lapin Kulta IV A, 2013,2.2090909090909094
737,Lapin Kulta IV A, 2014,2.1125000000000003
738,Lapin Kulta IV A, 2015,2.3227272727272728
739,Lapin Kulta IV A, 2016,1.9642857142857142
740,Lapin Kulta IV A, 2017,2.413333333333333
741,Lapin Kulta IV A, 2018,2.3884615384615384
742,Lapin Kulta IV A, 2019,2.38
743,Lapin Kulta IV A, 2020,2.3333333333333335
744,Lapin Kulta IV A, 2021,2.316666666666667
745,Leffe Brune / Bruin / Brown, 2000,3.05
746,Leffe Brune / Bruin / Brown, 2001,3.84
747,Leffe Brune / Bruin / Brown, 2002,3.5357142857142856
748,Leffe Brune / Bruin / Brown, 2003,3.3529411764705883
749,Leffe Brune / Bruin / Brown, 2004,3.483695652173913
750,Leffe Brune / Bruin / Brown, 2005,3.4408602150537635
751,Leffe Brune / Bruin / Brown, 2006,3.428421052631579
752,Leffe Brune / Bruin / Brown, 2007,3.5239436619718307
753,Leffe Brune / Bruin / Brown, 2008,3.4595419847328244
754,Leffe Brune / Bruin / Brown, 2009,3.4285714285714284
755,Leffe Brune / Bruin / Brown, 2010,3.451851851851852
756,Leffe Brune / Bruin / Brown, 2011,3.5094890510948904
757,Leffe Brune / Bruin / Brown, 2012,3.5781659388646285
758,Leffe Brune / Bruin / Brown, 2013,3.48744769874477
759,Leffe Brune / Bruin / Brown, 2014,3.474336283185841
760,Leffe Brune / Bruin / Brown, 2015,3.485416666666667
761,Leffe Brune / Bruin / Brown, 2016,3.4690322580645163
762,Leffe Brune / Bruin / Brown, 2017,3.457692307692308
763,Leffe Brune / Bruin / Brown, 2018,3.499019607843137
764,Leffe Brune / Bruin / Brown, 2019,3.358139534883721
765,Leffe Brune / Bruin / Brown, 2020,3.575
766,Leffe Brune / Bruin / Brown, 2021,3.5
767,Löwenbräu Original (4.2%), 2014,1.8909090909090909
768,Löwenbräu Original (4.2%), 2015,1.625
769,Löwenbräu Original (4.2%), 2016,2.275
770,Löwenbräu Original (4.2%), 2017,1.9333333333333333
771,Löwenbräu Original (4.2%), 2019,1.7
772,Miller Genuine Draft (MGD), 2000,1.64375
773,Miller Genuine Draft (MGD), 2001,1.7613207547169811
774,Miller Genuine Draft (MGD), 2002,1.78984375
775,Miller Genuine Draft (MGD), 2003,1.6918238993710693
776,Miller Genuine Draft (MGD), 2004,1.5678571428571426
777,Miller Genuine Draft (MGD), 2005,1.4631578947368422
778,Miller Genuine Draft (MGD), 2006,1.545
779,Miller Genuine Draft (MGD), 2007,1.5848039215686276
780,Miller Genuine Draft (MGD), 2008,1.5746192893401014
781,Miller Genuine Draft (MGD), 2009,1.6405405405405404
782,Miller Genuine Draft (MGD), 2010,1.6698795180722892
783,Miller Genuine Draft (MGD), 2011,1.5483146067415732
784,Miller Genuine Draft (MGD), 2012,1.6008064516129032
785,Miller Genuine Draft (MGD), 2013,1.7104761904761905
786,Miller Genuine Draft (MGD), 2014,1.6876106194690264
787,Miller Genuine Draft (MGD), 2015,1.8324675324675324
788,Miller Genuine Draft (MGD), 2016,1.8655737704918032
789,Miller Genuine Draft (MGD), 2017,1.9540983606557378
790,Miller Genuine Draft (MGD), 2018,2.1
791,Miller Genuine Draft (MGD), 2019,2.121212121212121
792,Miller Genuine Draft (MGD), 2020,1.9714285714285715
793,Miller Genuine Draft (MGD), 2021,2.1
794,OB Premier Pilsner, 2014,1.8
795,OB Premier Pilsner, 2015,2.4
796,OB Premier Pilsner, 2016,2.13
797,OB Premier Pilsner, 2017,2.19375
798,OB Premier Pilsner, 2018,2.16
799,OB Premier Pilsner, 2019,3.0
800,OB Premier Pilsner, 2021,2.8
801,Paulaner Hefe-Weissbier, 2000,3.92
802,Paulaner Hefe-Weissbier, 2001,3.7563636363636363
803,Paulaner Hefe-Weissbier, 2002,3.585714285714286
804,Paulaner Hefe-Weissbier, 2003,3.585714285714286
805,Paulaner Hefe-Weissbier, 2004,3.5293706293706295
806,Paulaner Hefe-Weissbier, 2005,3.663265306122449
807,Paulaner Hefe-Weissbier, 2006,3.7047872340425534
808,Paulaner Hefe-Weissbier, 2007,3.614930555555555
809,Paulaner Hefe-Weissbier, 2008,3.6317991631799162
810,Paulaner Hefe-Weissbier, 2009,3.473255813953488
811,Paulaner Hefe-Weissbier, 2010,3.62125
812,Paulaner Hefe-Weissbier, 2011,3.547096774193548
813,Paulaner Hefe-Weissbier, 2012,3.6107981220657277
814,Paulaner Hefe-Weissbier, 2013,3.6423076923076922
815,Paulaner Hefe-Weissbier, 2014,3.551282051282051
816,Paulaner Hefe-Weissbier, 2015,3.5719298245614035
817,Paulaner Hefe-Weissbier, 2016,3.571069182389937
818,Paulaner Hefe-Weissbier, 2017,3.5954081632653065
819,Paulaner Hefe-Weissbier, 2018,3.62890625
820,Paulaner Hefe-Weissbier, 2019,3.651190476190476
821,Paulaner Hefe-Weissbier, 2020,3.5561403508771927
822,Paulaner Hefe-Weissbier, 2021,3.607317073170732
823,Peroni Nastro Azzurro, 2001,2.5444444444444443
824,Peroni Nastro Azzurro, 2002,2.259259259259259
825,Peroni Nastro Azzurro, 2003,2.282051282051282
826,Peroni Nastro Azzurro, 2004,2.03125
827,Peroni Nastro Azzurro, 2005,2.045263157894737
828,Peroni Nastro Azzurro, 2006,2.1666666666666665
829,Peroni Nastro Azzurro, 2007,2.072380952380952
830,Peroni Nastro Azzurro, 2008,2.062809917355372
831,Peroni Nastro Azzurro, 2009,2.0615384615384618
832,Peroni Nastro Azzurro, 2010,2.083720930232558
833,Peroni Nastro Azzurro, 2011,2.118072289156627
834,Peroni Nastro Azzurro, 2012,2.2419847328244273
835,Peroni Nastro Azzurro, 2013,2.1075342465753426
836,Peroni Nastro Azzurro, 2014,2.114516129032258
837,Peroni Nastro Azzurro, 2015,2.193577981651376
838,Peroni Nastro Azzurro, 2016,2.3643678160919537
839,Peroni Nastro Azzurro, 2017,2.493181818181818
840,Peroni Nastro Azzurro, 2018,2.353125
841,Peroni Nastro Azzurro, 2019,2.370909090909091
842,Peroni Nastro Azzurro, 2020,2.602777777777778
843,Peroni Nastro Azzurro, 2021,2.3375
844,Pilsner Urquell, 2000,3.408333333333333
845,Pilsner Urquell, 2001,3.4512500000000004
846,Pilsner Urquell, 2002,3.4804347826086954
847,Pilsner Urquell, 2003,3.305314009661836
848,Pilsner Urquell, 2004,3.3731481481481485
849,Pilsner Urquell, 2005,3.331687242798354
850,Pilsner Urquell, 2006,3.1975206611570246
851,Pilsner Urquell, 2007,3.2513071895424837
852,Pilsner Urquell, 2008,3.2849840255591056
853,Pilsner Urquell, 2009,3.203755868544601
854,Pilsner Urquell, 2010,3.2046666666666668
855,Pilsner Urquell, 2011,3.2502732240437155
856,Pilsner Urquell, 2012,3.2448
857,Pilsner Urquell, 2013,3.3241877256317687
858,Pilsner Urquell, 2014,3.274230769230769
859,Pilsner Urquell, 2015,3.2840000000000003
860,Pilsner Urquell, 2016,3.245161290322581
861,Pilsner Urquell, 2017,3.2306666666666666
862,Pilsner Urquell, 2018,3.3476190476190477
863,Pilsner Urquell, 2019,3.4114583333333335
864,Pilsner Urquell, 2020,3.358730158730159
865,Pilsner Urquell, 2021,3.448780487804878
866,Platinum Pale Ale, 2016,3.3
867,Platinum Pale Ale, 2017,3.0
868,Platinum Pale Ale, 2018,2.1
869,Platinum Pale Ale, 2019,3.0
870,Platinum White Ale, 2017,4.1
871,Queen's Ale Blonde Type, 2014,3.0
872,Queen's Ale Blonde Type, 2015,3.266666666666667
873,Queen's Ale Blonde Type, 2016,2.7
874,Queen's Ale Blonde Type, 2018,2.8
875,Red Rock, 2003,1.2
876,Red Rock, 2004,1.2
877,Red Rock, 2005,1.1
878,Red Rock, 2006,2.066666666666667
879,Red Rock, 2007,2.8
880,Red Rock, 2008,1.9
881,Red Rock, 2011,2.1
882,Red Rock, 2012,2.2
883,Red Rock, 2013,2.0
884,Red Rock, 2018,1.45
885,Reeper B. Blondes Weissbier, 2018,2.5
886,Reeper B. Blondes Weissbier, 2019,2.733333333333333
887,Reeper B. Blondes Weissbier, 2020,3.0999999999999996
888,San Miguel, 2002,2.475
889,San Miguel, 2003,2.2714285714285714
890,San Miguel, 2004,1.9666666666666668
891,San Miguel, 2005,1.8909090909090909
892,San Miguel, 2006,1.6666666666666667
893,San Miguel, 2007,1.7777777777777777
894,San Miguel, 2008,1.8611111111111112
895,San Miguel, 2009,1.9899999999999998
896,San Miguel, 2010,2.2444444444444445
897,San Miguel, 2011,2.092857142857143
898,San Miguel, 2012,1.955
899,San Miguel, 2013,1.8076923076923077
900,San Miguel, 2014,1.9833333333333334
901,San Miguel, 2015,1.9454545454545455
902,San Miguel, 2016,2.21
903,San Miguel, 2017,1.9421052631578946
904,San Miguel, 2018,2.0
905,San Miguel, 2019,1.875
906,San Miguel, 2020,2.5
907,San Miguel, 2021,2.8
908,Sapporo Premium Beer / Draft Beer, 2000,2.35
909,Sapporo Premium Beer / Draft Beer, 2001,2.4130434782608696
910,Sapporo Premium Beer / Draft Beer, 2002,2.364885496183206
911,Sapporo Premium Beer / Draft Beer, 2003,2.173394495412844
912,Sapporo Premium Beer / Draft Beer, 2004,2.158181818181818
913,Sapporo Premium Beer / Draft Beer, 2005,2.0373737373737373
914,Sapporo Premium Beer / Draft Beer, 2006,2.2550724637681157
915,Sapporo Premium Beer / Draft Beer, 2007,2.1991869918699187
916,Sapporo Premium Beer / Draft Beer, 2008,2.2238993710691823
917,Sapporo Premium Beer / Draft Beer, 2009,2.173684210526316
918,Sapporo Premium Beer / Draft Beer, 2010,2.093150684931507
919,Sapporo Premium Beer / Draft Beer, 2011,2.3013333333333335
920,Sapporo Premium Beer / Draft Beer, 2012,2.2684684684684684
921,Sapporo Premium Beer / Draft Beer, 2013,2.242
922,Sapporo Premium Beer / Draft Beer, 2014,2.31156462585034
923,Sapporo Premium Beer / Draft Beer, 2015,2.4680851063829787
924,Sapporo Premium Beer / Draft Beer, 2016,2.4014705882352945
925,Sapporo Premium Beer / Draft Beer, 2017,2.5142857142857142
926,Sapporo Premium Beer / Draft Beer, 2018,2.4979591836734696
927,Sapporo Premium Beer / Draft Beer, 2019,2.646666666666667
928,Sapporo Premium Beer / Draft Beer, 2020,2.574193548387097
929,Sapporo Premium Beer / Draft Beer, 2021,2.5533333333333332
930,Sapporo Yebisu, 2000,2.9333333333333336
931,Sapporo Yebisu, 2001,2.9
932,Sapporo Yebisu, 2002,2.594871794871795
933,Sapporo Yebisu, 2003,2.248
934,Sapporo Yebisu, 2004,2.5933333333333333
935,Sapporo Yebisu, 2005,2.3400000000000003
936,Sapporo Yebisu, 2006,2.33125
937,Sapporo Yebisu, 2007,2.25
938,Sapporo Yebisu, 2008,2.435714285714286
939,Sapporo Yebisu, 2009,2.5413793103448277
940,Sapporo Yebisu, 2010,2.29
941,Sapporo Yebisu, 2011,2.555
942,Sapporo Yebisu, 2012,2.533333333333333
943,Sapporo Yebisu, 2013,2.341666666666667
944,Sapporo Yebisu, 2014,2.6411764705882352
945,Sapporo Yebisu, 2015,2.4941176470588236
946,Sapporo Yebisu, 2016,2.38
947,Sapporo Yebisu, 2017,2.81875
948,Sapporo Yebisu, 2018,2.625
949,Sapporo Yebisu, 2019,3.1142857142857143
950,Sapporo Yebisu, 2020,2.425
951,Schöfferhofer Grapefruit, 2007,2.429411764705882
952,Schöfferhofer Grapefruit, 2008,2.832142857142857
953,Schöfferhofer Grapefruit, 2009,2.404
954,Schöfferhofer Grapefruit, 2010,2.707692307692308
955,Schöfferhofer Grapefruit, 2011,2.5782608695652174
956,Schöfferhofer Grapefruit, 2012,2.536
957,Schöfferhofer Grapefruit, 2013,2.875925925925926
958,Schöfferhofer Grapefruit, 2014,2.8666666666666667
959,Schöfferhofer Grapefruit, 2015,3.0
960,Schöfferhofer Grapefruit, 2016,2.93375
961,Schöfferhofer Grapefruit, 2017,2.987878787878788
962,Schöfferhofer Grapefruit, 2018,2.9272727272727277
963,Schöfferhofer Grapefruit, 2019,3.0352941176470587
964,Schöfferhofer Grapefruit, 2020,2.9588235294117644
965,Schöfferhofer Grapefruit, 2021,3.264705882352941
966,Stella Artois, 2000,2.125
967,Stella Artois, 2001,3.0674418604651166
968,Stella Artois, 2002,2.8319148936170215
969,Stella Artois, 2003,2.6305732484076434
970,Stella Artois, 2004,2.6475
971,Stella Artois, 2005,2.480616740088106
972,Stella Artois, 2006,2.46875
973,Stella Artois, 2007,2.4921511627906976
974,Stella Artois, 2008,2.520807453416149
975,Stella Artois, 2009,2.5450236966824646
976,Stella Artois, 2010,2.435672514619883
977,Stella Artois, 2011,2.4015873015873015
978,Stella Artois, 2012,2.4879518072289155
979,Stella Artois, 2013,2.464489795918367
980,Stella Artois, 2014,2.459111111111111
981,Stella Artois, 2015,2.5300000000000002
982,Stella Artois, 2016,2.5318181818181817
983,Stella Artois, 2017,2.71858407079646
984,Stella Artois, 2018,2.691578947368421
985,Stella Artois, 2019,2.9464285714285716
986,Stella Artois, 2020,2.5714285714285716
987,Stella Artois, 2021,2.437037037037037
988,Stephans Bräu Hefe-Weizen Naturtrüb, 2011,1.925
989,Stephans Bräu Hefe-Weizen Naturtrüb, 2012,2.575
990,Stephans Bräu Hefe-Weizen Naturtrüb, 2013,2.463636363636364
991,Stephans Bräu Hefe-Weizen Naturtrüb, 2014,2.8666666666666667
992,Stephans Bräu Hefe-Weizen Naturtrüb, 2015,2.7125
993,Stephans Bräu Hefe-Weizen Naturtrüb, 2016,2.733333333333333
994,Stephans Bräu Hefe-Weizen Naturtrüb, 2017,2.33
995,Stephans Bräu Hefe-Weizen Naturtrüb, 2018,2.76875
996,Stephans Bräu Hefe-Weizen Naturtrüb, 2019,2.685714285714286
997,Stephans Bräu Hefe-Weizen Naturtrüb, 2020,2.972727272727273
998,Stephans Bräu Hefe-Weizen Naturtrüb, 2021,2.8333333333333335
999,Stephans Bräu Premium Lager, 2016,2.05
1000,Stephans Bräu Premium Lager, 2017,1.775
1001,Stephans Bräu Premium Lager, 2018,2.1555555555555554
1002,Stephans Bräu Premium Lager, 2019,1.8142857142857143
1003,Stephans Bräu Premium Lager, 2020,2.3428571428571425
1004,Stephans Bräu Premium Lager, 2021,2.7
1005,Stephans Bräu Premium Pilsener, 2011,2.316666666666667
1006,Stephans Bräu Premium Pilsener, 2012,1.85
1007,Stephans Bräu Premium Pilsener, 2013,2.075
1008,Stephans Bräu Premium Pilsener, 2014,1.5714285714285714
1009,Stephans Bräu Premium Pilsener, 2015,2.1166666666666667
1010,Stephans Bräu Premium Pilsener, 2016,2.35
1011,Stephans Bräu Premium Pilsener, 2017,2.2
1012,Stephans Bräu Premium Pilsener, 2018,2.0
1013,Stephans Bräu Premium Pilsener, 2019,2.0125
1014,Stephans Bräu Premium Pilsener, 2020,2.3333333333333335
1015,Stephans Bräu Premium Pilsener, 2021,2.55
1016,Suntory The Premium Malt's, 2002,2.6999999999999997
1017,Suntory The Premium Malt's, 2003,2.95
1018,Suntory The Premium Malt's, 2004,2.6
1019,Suntory The Premium Malt's, 2005,3.5
1020,Suntory The Premium Malt's, 2006,2.7222222222222223
1021,Suntory The Premium Malt's, 2007,2.8
1022,Suntory The Premium Malt's, 2008,2.966666666666667
1023,Suntory The Premium Malt's, 2009,2.914285714285714
1024,Suntory The Premium Malt's, 2010,2.4375
1025,Suntory The Premium Malt's, 2011,2.5166666666666666
1026,Suntory The Premium Malt's, 2012,2.5894736842105264
1027,Suntory The Premium Malt's, 2013,2.6681818181818184
1028,Suntory The Premium Malt's, 2014,2.58125
1029,Suntory The Premium Malt's, 2015,2.7263157894736842
1030,Suntory The Premium Malt's, 2016,2.66875
1031,Suntory The Premium Malt's, 2017,2.6454545454545455
1032,Suntory The Premium Malt's, 2018,2.6
1033,Suntory The Premium Malt's, 2019,2.314285714285714
1034,Suntory The Premium Malt's, 2020,3.75
1035,Suntory The Premium Malt's, 2021,2.4
1036,Tiger Beer, 2000,3.0
1037,Tiger Beer, 2001,3.5200000000000005
1038,Tiger Beer, 2002,2.6093023255813956
1039,Tiger Beer, 2003,2.2767857142857144
1040,Tiger Beer, 2004,2.1348484848484848
1041,Tiger Beer, 2005,2.019230769230769
1042,Tiger Beer, 2006,2.1577981651376144
1043,Tiger Beer, 2007,2.1056
1044,Tiger Beer, 2008,2.055769230769231
1045,Tiger Beer, 2009,1.981730769230769
1046,Tiger Beer, 2010,2.1064102564102565
1047,Tiger Beer, 2011,2.2404761904761905
1048,Tiger Beer, 2012,2.1471014492753624
1049,Tiger Beer, 2013,2.111188811188811
1050,Tiger Beer, 2014,2.125149700598802
1051,Tiger Beer, 2015,2.1219512195121952
1052,Tiger Beer, 2016,2.1402439024390243
1053,Tiger Beer, 2017,2.144
1054,Tiger Beer, 2018,2.246153846153846
1055,Tiger Beer, 2019,2.2851063829787237
1056,Tiger Beer, 2020,2.264705882352941
1057,Tiger Beer, 2021,2.357894736842105
1058,Tiger Radler Lemon, 2014,2.3666666666666667
1059,Tiger Radler Lemon, 2015,1.7666666666666666
1060,Tiger Radler Lemon, 2016,2.1
1061,Tiger Radler Lemon, 2017,2.48
1062,Tiger Radler Lemon, 2018,1.6
1063,Tiger Radler Lemon, 2019,1.5
1064,Tsingtao, 2000,2.075
1065,Tsingtao, 2001,2.2170731707317075
1066,Tsingtao, 2002,2.2016393442622952
1067,Tsingtao, 2003,2.120879120879121
1068,Tsingtao, 2004,2.173394495412844
1069,Tsingtao, 2005,2.0174311926605504
1070,Tsingtao, 2006,2.283333333333333
1071,Tsingtao, 2007,2.1433566433566433
1072,Tsingtao, 2008,1.9931506849315068
1073,Tsingtao, 2009,1.9267241379310345
1074,Tsingtao, 2010,1.8670731707317072
1075,Tsingtao, 2011,2.0110169491525425
1076,Tsingtao, 2012,1.9635838150289016
1077,Tsingtao, 2013,1.8697297297297295
1078,Tsingtao, 2014,2.000574712643678
1079,Tsingtao, 2015,1.9992753623188404
1080,Tsingtao, 2016,1.9813186813186814
1081,Tsingtao, 2017,2.4069767441860463
1082,Tsingtao, 2018,2.167692307692308
1083,Tsingtao, 2019,2.211904761904762
1084,Tsingtao, 2020,1.8461538461538463
1085,Tsingtao, 2021,2.207692307692308
1086,Tsingtao Wheat Beer, 2018,2.946153846153846
1087,Tsingtao Wheat Beer, 2019,2.75
1088,Tsingtao Wheat Beer, 2020,2.642857142857143
1089,Tsingtao Wheat Beer, 2021,2.9
1090,Victoria Bitter, 2001,2.26
1091,Victoria Bitter, 2002,2.409302325581395
1092,Victoria Bitter, 2003,1.8574074074074074
1093,Victoria Bitter, 2004,1.7125
1094,Victoria Bitter, 2005,1.7352941176470589
1095,Victoria Bitter, 2006,2.0241379310344825
1096,Victoria Bitter, 2007,2.0028571428571427
1097,Victoria Bitter, 2008,1.8259999999999998
1098,Victoria Bitter, 2009,1.66046511627907
1099,Victoria Bitter, 2010,1.9534482758620688
1100,Victoria Bitter, 2011,1.946031746031746
1101,Victoria Bitter, 2012,1.936842105263158
1102,Victoria Bitter, 2013,1.9565217391304348
1103,Victoria Bitter, 2014,2.0470588235294116
1104,Victoria Bitter, 2015,2.052941176470588
1105,Victoria Bitter, 2016,2.5
1106,Victoria Bitter, 2017,2.496
1107,Victoria Bitter, 2018,2.468421052631579
1108,Victoria Bitter, 2019,2.6423076923076922
1109,Victoria Bitter, 2020,1.77
1110,Victoria Bitter, 2021,2.6999999999999997
1111,Volfas Engelman Grünberger Hefeweizen, 2018,3.05
1112,Volfas Engelman Grünberger Hefeweizen, 2020,3.1999999999999997
1113,Volfas Engelman Grünberger Hefeweizen, 2021,3.075
1114,Warsteiner Premium Verum, 2000,3.0777777777777775
1115,Warsteiner Premium Verum, 2001,3.0886792452830187
1116,Warsteiner Premium Verum, 2002,2.9223021582733812
1117,Warsteiner Premium Verum, 2003,2.8488721804511274
1118,Warsteiner Premium Verum, 2004,2.7929577464788733
1119,Warsteiner Premium Verum, 2005,2.565359477124183
1120,Warsteiner Premium Verum, 2006,2.7588652482269502
1121,Warsteiner Premium Verum, 2007,2.6319371727748693
1122,Warsteiner Premium Verum, 2008,2.6850267379679145
1123,Warsteiner Premium Verum, 2009,2.6
1124,Warsteiner Premium Verum, 2010,2.6737373737373735
1125,Warsteiner Premium Verum, 2011,2.6322314049586777
1126,Warsteiner Premium Verum, 2012,2.731372549019608
1127,Warsteiner Premium Verum, 2013,2.670588235294118
1128,Warsteiner Premium Verum, 2014,2.726543209876543
1129,Warsteiner Premium Verum, 2015,2.689928057553957
1130,Warsteiner Premium Verum, 2016,2.656
1131,Warsteiner Premium Verum, 2017,2.681318681318681
1132,Warsteiner Premium Verum, 2018,2.6084745762711865
1133,Warsteiner Premium Verum, 2019,2.843137254901961
1134,Warsteiner Premium Verum, 2020,3.0228571428571427
1135,Warsteiner Premium Verum, 2021,2.7941176470588234
